Accession,Organism_Name,SRA_Accession,Submitters,Organization,Org_location,Release_Date,Isolate,Species,Genus,Family,Molecule_type,Length,Sequence_Type,Nuc_Completeness,Genotype,Segment,Publications,Geo_Location,Country,USA,Host,Isolation_Source,Collection_Date,BioSample,GenBank_Title
NC_077666.1,Puumala orthohantavirus,,"Giebel,L.B., Stohwasser,R., Zoller,L., Bautz,E.K., Darai,G.","National Center for Biotechnology Information, NIH",USA,2023-05-06T00:00:00Z,,Puumala orthohantavirus,Orthohantavirus,Hantaviridae,ssRNA(-),3682,RefSeq,complete,,,1,,,,,,,,"Puumala virus CG1820 virus M genome segment, complete cds"
NC_077667.1,Puumala orthohantavirus,,"Stohwasser,R., Raab,K., Darai,G., Bautz,E.K.","National Center for Biotechnology Information, NIH",USA,2023-05-06T00:00:00Z,,Puumala orthohantavirus,Orthohantavirus,Hantaviridae,ssRNA(-),6550,RefSeq,complete,,,1,,,,,,,,Puumala virus CG1820 RNA-dependent RNA polymerase gene in L RNA segment
NC_077668.1,Puumala orthohantavirus,,"Stohwasser,R., Giebel,L.B., Zoller,L., Bautz,E.K., Darai,G.","National Center for Biotechnology Information, NIH",USA,2023-05-06T00:00:00Z,,Puumala orthohantavirus,Orthohantavirus,Hantaviridae,ssRNA(-),1784,RefSeq,complete,,,1,,,,,,,,"Puumala virus CG1820 segment S nucleocapsid protein mRNA, 5' end"
NC_077669.1,Sin Nombre orthohantavirus,,"Chizhikov,V.E., Spiropoulou,C.F., Morzunov,S.P., Monroe,M.C., Peters,C.J., Nichol,S.T.","National Center for Biotechnology Information, NIH",USA,2023-05-06T00:00:00Z,NM R11,Sin Nombre orthohantavirus,Orthohantavirus,Hantaviridae,ssRNA(-),2060,RefSeq,complete,,,1,,,,Peromyscus maniculatus,,,,"Sin Nombre virus (NM R11) RNA S segment encoding nucleocapsid protein (N protein), complete cds"
NC_077670.1,Sin Nombre orthohantavirus,,"Chizhikov,V.E., Spiropoulou,C.F., Morzunov,S.P., Monroe,M.C., Peters,C.J., Nichol,S.T.","National Center for Biotechnology Information, NIH",USA,2023-05-06T00:00:00Z,NM R11,Sin Nombre orthohantavirus,Orthohantavirus,Hantaviridae,ssRNA(-),3696,RefSeq,complete,,,1,,,,Peromyscus maniculatus,,,,"Sin Nombre virus (NM R11) RNA M segment encoding surface glycoproteins (G1 and G2 proteins), complete cds"
NC_077671.1,Sin Nombre orthohantavirus,,"Chizhikov,V.E., Spiropoulou,C.F., Morzunov,S.P., Monroe,M.C., Peters,C.J., Nichol,S.T.","National Center for Biotechnology Information, NIH",USA,2023-05-06T00:00:00Z,NM R11,Sin Nombre orthohantavirus,Orthohantavirus,Hantaviridae,ssRNA(-),6562,RefSeq,complete,,,1,,,,Peromyscus maniculatus,,,,"Sin Nombre virus (NM R11) RNA L segment encoding RNA polymerase (L protein), complete cds"
NC_078261.1,Xuan son virus,,,"National Center for Biotechnology Information, NIH",USA,2023-05-06T00:00:00Z,PR15,Xuan Son mobatvirus,Mobatvirus,Hantaviridae,ssRNA(-),3583,RefSeq,complete,,M,,"China: Yunnan province, Puer city",China,,Hipposideros pomona,lung,2013,,"Xuan son virus isolate PR15 segment M, complete sequence"
NC_078262.1,Xuan son virus,,,"National Center for Biotechnology Information, NIH",USA,2023-05-06T00:00:00Z,PR15,Xuan Son mobatvirus,Mobatvirus,Hantaviridae,ssRNA(-),6522,RefSeq,complete,,L,,"China: Yunnan province, Puer city",China,,Hipposideros pomona,lung,2013,,"Xuan son virus isolate PR15 segment L, complete sequence"
NC_078263.1,Xuan son virus,,,"National Center for Biotechnology Information, NIH",USA,2023-05-06T00:00:00Z,PR15,Xuan Son mobatvirus,Mobatvirus,Hantaviridae,ssRNA(-),1743,RefSeq,complete,,S,,"China: Yunnan province, Puer city",China,,Hipposideros pomona,lung,2013,,"Xuan son virus isolate PR15 segment S, complete sequence"
NC_078483.1,Lena River virus,,"Yashina,L.N., Kartashov,M.Y., Wang,W., Li,K., Zdanovskaya,N.I., Ivanov,L.I., Zhang,Y.Z.","National Center for Biotechnology Information, NIH",USA,2023-05-06T00:00:00Z,,Lena River virus,Orthohantavirus,Hantaviridae,ssRNA(-),1788,RefSeq,complete,,S,1,Russia: Khabarovsk Krai,Russia,,Sorex caecutiens,lung,Feb-08,,"Lena River virus strain Khekhtsir-Sc67/Russia/2008 segment S NP (QK712_sSgp1) gene, complete cds"
NC_078484.1,Lena River virus,,"Yashina,L.N., Kartashov,M.Y., Wang,W., Li,K., Zdanovskaya,N.I., Ivanov,L.I., Zhang,Y.Z.","National Center for Biotechnology Information, NIH",USA,2023-05-06T00:00:00Z,,Lena River virus,Orthohantavirus,Hantaviridae,ssRNA(-),3606,RefSeq,complete,,M,1,Russia: Khabarovsk Krai,Russia,,Sorex caecutiens,lung,Feb-08,,"Lena River virus segment M, complete sequence"
NC_078485.1,Lena River virus,,"Yashina,L.N., Kartashov,M.Y., Wang,W., Li,K., Zdanovskaya,N.I., Ivanov,L.I., Zhang,Y.Z.","National Center for Biotechnology Information, NIH",USA,2023-05-06T00:00:00Z,,Lena River virus,Orthohantavirus,Hantaviridae,ssRNA(-),6533,RefSeq,complete,,L,1,Russia: Khabarovsk Krai,Russia,,Sorex caecutiens,lung,Feb-08,,"Lena River virus strain Khekhtsir-Sc67/Russia/2008 RdRp (QK712_sLgp1) gene, complete cds"
NC_055147.1,Tigray virus,,,"National Center for Biotechnology Information, NIH",USA,2021-06-01T00:00:00Z,ET2121,Tigray orthohantavirus,Orthohantavirus,Hantaviridae,ssRNA(-),6532,RefSeq,complete,,L,,Ethiopia,Ethiopia,,Stenocephalemys albipes,"liver, abdominal cavity",2010/10/10,,"Tigray hantavirus isolate ET2121 segment L, complete sequence"
NC_055170.1,Hainan oriental leaf-toed gecko hantavirus,,,"National Center for Biotechnology Information, NIH",USA,2021-06-01T00:00:00Z,,Gecko reptillovirus,Reptillovirus,Hantaviridae,ssRNA(-),6627,RefSeq,complete,,L,,China,China,,Hemidactylus bowringii,,,,"Hainan oriental leaf-toed gecko hantavirus strain LPXYF84819 L protein gene, complete cds"
NC_055171.1,Wenling minipizza batfish hantavirus,,,"National Center for Biotechnology Information, NIH",USA,2021-06-01T00:00:00Z,,Batfish actinovirus,Actinovirus,Hantaviridae,ssRNA(-),5301,RefSeq,complete,,L,,China,China,,Halieutaea stellata,,,,"Wenling minipizza batfish hantavirus strain XQTMS16810 L protein gene, partial cds"
NC_055172.1,Wenling yellow goosefish hantavirus,,,"National Center for Biotechnology Information, NIH",USA,2021-06-01T00:00:00Z,,Goosefish actinovirus,Actinovirus,Hantaviridae,ssRNA(-),6403,RefSeq,complete,,L,,China,China,,Lophius litulon,,,,"Wenling yellow goosefish hantavirus strain XQTMS34106 segment L, complete sequence"
NC_055173.1,Wenling red spikefish hantavirus,,,"National Center for Biotechnology Information, NIH",USA,2021-06-01T00:00:00Z,,Spikefish actinovirus,Actinovirus,Hantaviridae,ssRNA(-),6305,RefSeq,complete,,L,,China,China,,Triacanthodes anomalus,,,,"Wenling red spikefish hantavirus strain XTXMS70955 segment L, complete sequence"
NC_055174.1,Wenling hagfish virus,,,"National Center for Biotechnology Information, NIH",USA,2021-06-01T00:00:00Z,,Hagfish agnathovirus,Agnathovirus,Hantaviridae,ssRNA(-),6761,RefSeq,complete,,L,,China,China,,Eptatretus burgeri,,,,"Wenling hagfish hantavirus strain DHMMS25300 segment L, complete sequence"
NC_055375.1,Brno virus,,"Strakova,P., Dufkova,L., Sirmarova,J., Salat,J., Bartonicka,T., Klempa,B., Pfaff,F., Hoper,D., Hoffmann,B., Ulrich,R.G., Ruzek,D.","National Center for Biotechnology Information, NIH",USA,2021-06-01T00:00:00Z,,Brno loanvirus,Loanvirus,Hantaviridae,ssRNA(-),1269,RefSeq,complete,,2,1,Czech Republic,Czech Republic,,Nyctalus noctula,liver,2012,,"Brno virus strain 7/2012/CZE nucleocapsid protein gene, partial cds"
NC_055376.1,Brno virus,,"Strakova,P., Dufkova,L., Sirmarova,J., Salat,J., Bartonicka,T., Klempa,B., Pfaff,F., Hoper,D., Hoffmann,B., Ulrich,R.G., Ruzek,D.","National Center for Biotechnology Information, NIH",USA,2021-06-01T00:00:00Z,,Brno loanvirus,Loanvirus,Hantaviridae,ssRNA(-),6432,RefSeq,complete,,1,1,Czech Republic,Czech Republic,,Nyctalus noctula,liver,2012,,"Brno virus strain 7/2012/CZE RNA-dependent RNA polymerase gene, partial cds"
NC_055377.1,Brno virus,,"Strakova,P., Dufkova,L., Sirmarova,J., Salat,J., Bartonicka,T., Klempa,B., Pfaff,F., Hoper,D., Hoffmann,B., Ulrich,R.G., Ruzek,D.","National Center for Biotechnology Information, NIH",USA,2021-06-01T00:00:00Z,,Brno loanvirus,Loanvirus,Hantaviridae,ssRNA(-),3408,RefSeq,complete,,3,1,Czech Republic,Czech Republic,,Nyctalus noctula,liver,2012,,"Brno virus strain 7/2012/CZE glycoprotein precursor, gene, partial cds"
NC_055632.1,Robina orthohantavirus,,"Smith,C.S., Gordon,A., Agnihotri,K., Underwood,D., Pyne,M., Jane,O.E.","National Center for Biotechnology Information, NIH",USA,2021-06-01T00:00:00Z,P17-14855,Robina orthohantavirus,Orthohantavirus,Hantaviridae,ssRNA(-),6447,RefSeq,complete,,1,,Australia,Australia,,Pteropus alecto,brain,2017/7/3,,"Robina orthohantavirus isolate P17-14855 RNA-dependent RNA polymerase gene, complete cds"
NC_055633.1,Robina orthohantavirus,,"Smith,C.S., Gordon,A., Agnihotri,K., Underwood,D., Pyne,M., Jane,O.E.","National Center for Biotechnology Information, NIH",USA,2021-06-01T00:00:00Z,P17-14855,Robina orthohantavirus,Orthohantavirus,Hantaviridae,ssRNA(-),1290,RefSeq,complete,,2,,Australia,Australia,,Pteropus alecto,brain,2017/7/3,,"Robina orthohantavirus isolate P17-14855 nucleocapsid gene, complete cds"
NC_055634.1,Robina orthohantavirus,,"Smith,C.S., Gordon,A., Agnihotri,K., Underwood,D., Pyne,M., Jane,O.E.","National Center for Biotechnology Information, NIH",USA,2021-06-01T00:00:00Z,P17-14855,Robina orthohantavirus,Orthohantavirus,Hantaviridae,ssRNA(-),3402,RefSeq,complete,,3,,Australia,Australia,,Pteropus alecto,brain,2017/7/3,,"Robina orthohantavirus isolate P17-14855 glycoprotein gene, complete cds"
NC_055635.1,Tatenale orthohantavirus,,"Chappell,J.G., Tsoleridis,T., Onianwa,O., Drake,G., Ashpole,I., Dobbs,P., Edema,W., Kumi-Ansah,F., Bennett,M., Tarlinton,R.E., Ball,J.K., McClure,C.P.","National Center for Biotechnology Information, NIH",USA,2021-06-01T00:00:00Z,,Tatenale orthohantavirus,Orthohantavirus,Hantaviridae,ssRNA(-),1302,RefSeq,complete,,S,1,United Kingdom,United Kingdom,,Microtus agrestis,lung,2014,,"Tatenale orthohantavirus strain Upton_Heath segment S nucleocapsid gene, complete cds"
NC_055636.1,Tatenale orthohantavirus,,"Chappell,J.G., Tsoleridis,T., Onianwa,O., Drake,G., Ashpole,I., Dobbs,P., Edema,W., Kumi-Ansah,F., Bennett,M., Tarlinton,R.E., Ball,J.K., McClure,C.P.","National Center for Biotechnology Information, NIH",USA,2021-06-01T00:00:00Z,,Tatenale orthohantavirus,Orthohantavirus,Hantaviridae,ssRNA(-),6465,RefSeq,complete,,L,1,United Kingdom,United Kingdom,,Microtus agrestis,lung,2014,,"Tatenale orthohantavirus strain Upton_Heath segment L RdRp gene, complete cds"
NC_055637.1,Tatenale orthohantavirus,,"Chappell,J.G., Tsoleridis,T., Onianwa,O., Drake,G., Ashpole,I., Dobbs,P., Edema,W., Kumi-Ansah,F., Bennett,M., Tarlinton,R.E., Ball,J.K., McClure,C.P.","National Center for Biotechnology Information, NIH",USA,2021-06-01T00:00:00Z,,Tatenale orthohantavirus,Orthohantavirus,Hantaviridae,ssRNA(-),3355,RefSeq,complete,,M,1,United Kingdom,United Kingdom,,Microtus agrestis,lung,2014,,"Tatenale orthohantavirus strain Upton_Heath segment M glycoprotein precursor, gene, partial cds"
NC_055638.1,Perch actinovirus,,"Hierweger,M.M., Koch,M.C., Rupp,M., Schmidt-Posthaus,H., Seuberlich,T.","National Center for Biotechnology Information, NIH",USA,2021-06-01T00:00:00Z,,Perch actinovirus,Actinovirus,Hantaviridae,ssRNA(-),3804,RefSeq,complete,,M,,Switzerland,Switzerland,,Perca fluviatilis,,2017,,"Bern perch virus strain BEPV CH17 segment M, complete sequence"
NC_055639.1,Perch actinovirus,,"Hierweger,M.M., Koch,M.C., Rupp,M., Schmidt-Posthaus,H., Seuberlich,T.","National Center for Biotechnology Information, NIH",USA,2021-06-01T00:00:00Z,,Perch actinovirus,Actinovirus,Hantaviridae,ssRNA(-),2435,RefSeq,complete,,S,,Switzerland,Switzerland,,Perca fluviatilis,,2017,,"Bern perch virus strain BEPV CH17 segment S, complete sequence"
NC_055640.1,Perch actinovirus,,"Hierweger,M.M., Koch,M.C., Rupp,M., Schmidt-Posthaus,H., Seuberlich,T.","National Center for Biotechnology Information, NIH",USA,2021-06-01T00:00:00Z,,Perch actinovirus,Actinovirus,Hantaviridae,ssRNA(-),6372,RefSeq,complete,,L,,Switzerland,Switzerland,,Perca fluviatilis,,2017,,"Bern perch virus strain BEPV CH17 segment L, complete sequence"
NC_043068.1,Asikkala orthohantavirus,,,"National Center for Biotechnology Information, NIH",USA,2019-06-28T00:00:00Z,,Orthohantavirus asikkalaense,Orthohantavirus,Hantaviridae,ssRNA(-),1458,RefSeq,complete,,L,,Czech Republic,Czech Republic,,Sorex minutus,,2010,,"Asikkala virus strain CZ/Beskydy/412/2010/Sm segment L, complete sequence"
NC_043069.1,Asikkala orthohantavirus,,,"National Center for Biotechnology Information, NIH",USA,2019-06-28T00:00:00Z,,Asikkala orthohantavirus,Orthohantavirus,Hantaviridae,ssRNA(-),3628,RefSeq,complete,,M,,Czech Republic,Czech Republic,,Sorex minutus,,2010,,"Asikkala virus strain CZ/Beskydy/412/2010/Sm segment M, complete sequence"
NC_043070.1,Asikkala orthohantavirus,,,"National Center for Biotechnology Information, NIH",USA,2019-06-28T00:00:00Z,,Asikkala orthohantavirus,Orthohantavirus,Hantaviridae,ssRNA(-),1526,RefSeq,complete,,S,,Czech Republic,Czech Republic,,Sorex minutus,,2010,,"Asikkala virus strain CZ/Beskydy/412/2010/Sm segment S, complete sequence"
NC_043073.1,Black Creek Canal orthohantavirus,,"Ravkov,E.V., Rollin,P.E., Ksiazek,T.G., Peters,C.J., Nichol,S.T.","National Center for Biotechnology Information, NIH",USA,2019-06-28T00:00:00Z,,Black Creek Canal orthohantavirus,Orthohantavirus,Hantaviridae,ssRNA(-),3668,RefSeq,complete,,M,1,,,,,,,,Black Creek Canal virus M segment
NC_043074.1,Black Creek Canal orthohantavirus,,"Ravkov,E.V., Rollin,P.E., Ksiazek,T.G., Peters,C.J., Nichol,S.T.","National Center for Biotechnology Information, NIH",USA,2019-06-28T00:00:00Z,,Black Creek Canal orthohantavirus,Orthohantavirus,Hantaviridae,ssRNA(-),410,RefSeq,complete,,,,,,,,,,,Black Creek Canal virus partial L segment
NC_043075.1,Black Creek Canal orthohantavirus,,"Ravkov,E.V., Rollin,P.E., Ksiazek,T.G., Peters,C.J., Nichol,S.T.","National Center for Biotechnology Information, NIH",USA,2019-06-28T00:00:00Z,,Black Creek Canal orthohantavirus,Orthohantavirus,Hantaviridae,ssRNA(-),1989,RefSeq,complete,,,,,,,,,,,Black Creek Canal virus S segment sequence
NC_043125.1,Longquan virus,,"Guo,W.P., Lin,X.D., Wang,W., Tian,J.H., Cong,M.L., Zhang,H.L., Wang,M.R., Zhou,R.H., Wang,J.B., Li,M.H., Xu,J., Holmes,E.C., Zhang,Y.Z., Guo,W.-P., Zhou,R.-H., Zhang,Y.-Z., Lin,X.-D.","National Center for Biotechnology Information, NIH",USA,2019-06-28T00:00:00Z,,Longquan loanvirus,Loanvirus,Hantaviridae,ssRNA(-),324,RefSeq,complete,,L,1,China,China,,Rhinolophus sinicus,lung,2011,,"Longquan virus strain Longquan-Rs-32 L protein gene, partial cds"
NC_043126.1,Longquan virus,,"Guo,W.P., Lin,X.D., Wang,W., Tian,J.H., Cong,M.L., Zhang,H.L., Wang,M.R., Zhou,R.H., Wang,J.B., Li,M.H., Xu,J., Holmes,E.C., Zhang,Y.Z., Guo,W.-P., Zhou,R.-H., Zhang,Y.-Z., Lin,X.-D.","National Center for Biotechnology Information, NIH",USA,2019-06-28T00:00:00Z,,Longquan loanvirus,Loanvirus,Hantaviridae,ssRNA(-),1564,RefSeq,complete,,S,1,China,China,,,lung,2011,,"Longquan virus strain Longquan-Rs-32 nucleocapsid gene, complete cds"
NC_043127.1,Longquan virus,,"Guo,W.P., Lin,X.D., Wang,W., Tian,J.H., Cong,M.L., Zhang,H.L., Wang,M.R., Zhou,R.H., Wang,J.B., Li,M.H., Xu,J., Holmes,E.C., Zhang,Y.Z., Guo,W.-P., Zhou,R.-H., Zhang,Y.-Z., Lin,X.-D.","National Center for Biotechnology Information, NIH",USA,2019-06-28T00:00:00Z,,Longquan loanvirus,Loanvirus,Hantaviridae,ssRNA(-),3619,RefSeq,complete,,M,1,China,China,,Rhinolophus sinicus,lung,2011,,"Longquan virus strain Longquan-Rs-32 glycoprotein gene, complete cds"
NC_043174.1,Oxbow virus,,"Kang,H.J., Bennett,S.N., Dizney,L., Sumibcay,L., Arai,S., Ruedas,L.A., Song,J.W., Yanagihara,R., Song,J.-W.","National Center for Biotechnology Information, NIH",USA,2019-06-28T00:00:00Z,,Oxbow orthohantavirus,Orthohantavirus,Hantaviridae,ssRNA(-),1705,RefSeq,complete,,S,1,USA,USA,,Neurotrichus gibbsii,tissue,2003/9/11,,"Oxbow virus strain Ng1453 nucleocapsid gene, complete cds"
NC_043175.1,Oxbow virus,,"Kang,H.J., Bennett,S.N., Dizney,L., Sumibcay,L., Arai,S., Ruedas,L.A., Song,J.W., Yanagihara,R., Song,J.-W.","National Center for Biotechnology Information, NIH",USA,2019-06-28T00:00:00Z,,Oxbow orthohantavirus,Orthohantavirus,Hantaviridae,ssRNA(-),4383,RefSeq,complete,,L,1,USA,USA,,Neurotrichus gibbsii,tissue,2003/9/11,,"Oxbow virus strain Ng1453 RNA-dependent RNA polymerase gene, partial cds"
NC_043176.1,Oxbow virus,,"Kang,H.J., Bennett,S.N., Dizney,L., Sumibcay,L., Arai,S., Ruedas,L.A., Song,J.W., Yanagihara,R., Song,J.-W.","National Center for Biotechnology Information, NIH",USA,2019-06-28T00:00:00Z,,Oxbow orthohantavirus,Orthohantavirus,Hantaviridae,ssRNA(-),3643,RefSeq,complete,,M,1,USA,USA,,Neurotrichus gibbsii,tissue,2003/9/11,,"Oxbow virus strain Ng1453 glycoprotein gene, complete cds"
NC_043407.1,Necocli virus,,"Montoya-Ruiz,C., Cajimat,M.N., Milazzo,M.L., Diaz,F.J., Rodas,J.D., Valbuena,G., Fulhorst,C.F.","National Center for Biotechnology Information, NIH",USA,2019-06-28T00:00:00Z,,Necocli orthohantavirus,Orthohantavirus,Hantaviridae,ssRNA(-),403,RefSeq,complete,,L,1,Colombia: Antioquia,Colombia,,Zygodontomys brevicauda,lung,2011/2/7,,"Necocli virus strain HV O0020002 RNA-dependent RNA polymerase gene, partial cds"
NC_043408.1,Necocli virus,,"Montoya-Ruiz,C., Cajimat,M.N., Milazzo,M.L., Diaz,F.J., Rodas,J.D., Valbuena,G., Fulhorst,C.F., Cajimat,M.N.B.","National Center for Biotechnology Information, NIH",USA,2019-06-28T00:00:00Z,,Necocli orthohantavirus,Orthohantavirus,Hantaviridae,ssRNA(-),3637,RefSeq,complete,,M,1,Colombia: Antioquia,Colombia,,Zygodontomys brevicauda,lung,2011/2/7,,"Necocli virus strain HV O0020002 segment M, complete sequence"
NC_043409.1,Necocli virus,,"Montoya-Ruiz,C., Cajimat,M.N., Milazzo,M.L., Diaz,F.J., Rodas,J.D., Valbuena,G., Fulhorst,C.F., Cajimat,M.","National Center for Biotechnology Information, NIH",USA,2019-06-28T00:00:00Z,,Necocli orthohantavirus,Orthohantavirus,Hantaviridae,ssRNA(-),1960,RefSeq,complete,,S,1,Colombia: Antioquia,Colombia,,Zygodontomys brevicauda,lung,2011/2/7,,"Necocli virus strain HV O0020002 segment S, complete sequence"
NC_043527.1,Seewis virus,,"Ling,J., Smura,T., Tamarit,D., Huitu,O., Voutilainen,L., Henttonen,H., Vaheri,A., Vapalahti,O., Sironen,T.","National Center for Biotechnology Information, NIH",USA,2019-06-28T00:00:00Z,EWS25,Seewis orhtohantavirus,Orthohantavirus,Hantaviridae,ssRNA(-),1641,RefSeq,complete,,S,1,Finland,Finland,,Sorex araneus,,,,"Seewis virus isolate EWS25 nucleocapsid gene, complete cds"
NC_038273.1,Asama virus,,,"National Center for Biotechnology Information, NIH",USA,2018-08-24T00:00:00Z,,Orthohantavirus asamaense,Orthohantavirus,Hantaviridae,ssRNA(-),1710,RefSeq,complete,,S,,Japan,Japan,,Urotrichus talpoides,lung,,,"Asama virus strain N10 segment S nucleocapsid protein gene, complete cds"
NC_038274.1,Asama virus,,,"National Center for Biotechnology Information, NIH",USA,2018-08-24T00:00:00Z,,Orthohantavirus asamaense,Orthohantavirus,Hantaviridae,ssRNA(-),3604,RefSeq,complete,,M,,Japan,Japan,,Urotrichus talpoides,lung,,,"Asama virus strain N10 segment M envelope glycoprotein gene, complete cds"
NC_038298.1,Bayou orthohantavirus,,"Morzunov,S.P., Feldmann,H., Spiropoulou,C.F., Semenova,V.A., Rollin,P.E., Ksiazek,T.G., Peters,C.J., Nichol,S.T.","National Center for Biotechnology Information, NIH",USA,2018-08-24T00:00:00Z,,Bayou orthohantavirus,Orthohantavirus,Hantaviridae,ssRNA(-),1958,RefSeq,complete,,,1,,,,Homo sapiens,,,,"Bayou virus nucleocapsid protein, complete cds"
NC_038299.1,Bayou orthohantavirus,,"Cajimat,M.N.B., Richter,M.H., Milazzo,M.L., Fulhorst,C.F., Jung,M., Gerrard,S.R.","National Center for Biotechnology Information, NIH",USA,2018-08-24T00:00:00Z,HV F0260003,Bayou orthohantavirus,Orthohantavirus,Hantaviridae,ssRNA(-),6554,RefSeq,complete,,L,,USA,USA,,Oryzomys palustris,lung,1996,,"Bayou virus isolate HV F0260003 segment L, complete sequence"
NC_038300.1,Bayou orthohantavirus,,"Morzunov,S.P., Feldmann,H., Spiropoulou,C.F., Semenova,V.A., Rollin,P.E., Ksiazek,T.G., Peters,C.J., Nichol,S.T.","National Center for Biotechnology Information, NIH",USA,2018-08-24T00:00:00Z,,Bayou orthohantavirus,Orthohantavirus,Hantaviridae,ssRNA(-),3677,RefSeq,complete,,,1,,,,Homo sapiens,,,,"Bayou virus glycoprotein precursor, complete cds"
NC_038373.1,Choclo virus,,"Nelson,R., Canate,R., Pascale,J.M., Dragoo,J.W., Armien,B., Armien,A., Koster,F.","National Center for Biotechnology Information, NIH",USA,2018-08-24T00:00:00Z,,Choclo orthohantavirus,Orthohantavirus,Hantaviridae,ssRNA(-),1972,RefSeq,complete,,S,,Panama,Panama,,Oligoryzomys fulvescens,"spleen, abdominal cavity",,,"Choclo virus segment S, complete sequence"
NC_038374.1,Choclo virus,,"Nelson,R., Canate,R., Pascale,J.M., Dragoo,J.W., Armien,B., Armien,A., Koster,F.","National Center for Biotechnology Information, NIH",USA,2018-08-24T00:00:00Z,,Choclo orthohantavirus,Orthohantavirus,Hantaviridae,ssRNA(-),3685,RefSeq,complete,,M,,Panama,Panama,,Oligoryzomys fulvescens,"spleen, abdominal cavity",,,"Choclo virus segment M, complete sequence"
NC_038383.1,Dabieshan virus,,"Wang,W., Lin,X., Zhang,Y., Guo,W.","National Center for Biotechnology Information, NIH",USA,2018-08-24T00:00:00Z,,Dabieshan orthohantavirus,Orthohantavirus,Hantaviridae,ssRNA(-),3623,RefSeq,complete,,M,,China,China,,Niviventer confucianus,lung,2008,,"Dabieshan virus strain Yongjia-Nc-58 glycoprotein gene, complete cds"
NC_038384.1,Dabieshan virus,,"Wang,W., Lin,X., Zhang,Y., Guo,W.","National Center for Biotechnology Information, NIH",USA,2018-08-24T00:00:00Z,,Dabieshan orthohantavirus,Orthohantavirus,Hantaviridae,ssRNA(-),1725,RefSeq,complete,,S,,China,China,,Niviventer confucianus,lung,2008,,"Dabieshan virus strain Yongjia-Nc-58 nucleoprotein gene, complete cds"
NC_038423.1,El Moro Canyon orthohantavirus,,"Hjelle,B., Chavez-Giles,F., Torrez-Martinez,N., Yates,T., Sarisky,J., Webb,J., Ascher,M.","National Center for Biotechnology Information, NIH",USA,2018-08-24T00:00:00Z,RM-97,El Moro Canyon orthohantavirus,Orthohantavirus,Hantaviridae,ssRNA(-),1896,RefSeq,complete,,,1,,,,Reithrodontomys megalotis,,,,"El Moro Canyon hantavirus (ELMC) isolate RM-97 nucleocapsid protein gene, complete cds"
NC_038424.1,El Moro Canyon orthohantavirus,,"Torrez-Martinez,N., Song,W., Hjelle,B.","National Center for Biotechnology Information, NIH",USA,2018-08-24T00:00:00Z,RM-97,El Moro Canyon orthohantavirus,Orthohantavirus,Hantaviridae,ssRNA(-),3801,RefSeq,complete,,,1,,,,Reithrodontomys megalotis,,,,"El Moro Canyon hantavirus (ELMC) isolate RM-97 envelope glycoprotein precursor gene, complete cds"
NC_038446.1,Hantavirus Fusong-Mf-682,,"Zou,Y., Wang,J.B., Gaowa,H.S., Yao,L.S., Hu,G.W., Li,M.H., Chen,H.X., Plyusnin,A., Shao,R., Zhang,Y.Z., Shao,R.F.","National Center for Biotechnology Information, NIH",USA,2018-08-24T00:00:00Z,,Fusong orthohantavirus,Orthohantavirus,Hantaviridae,ssRNA(-),1873,RefSeq,complete,,,1,"China: Jilin Province, Fusong",China,,Microtus fortis,,,,"Hantavirus Fusong-Mf-682 nucleocapsid protein gene, complete cds"
NC_038447.1,Hantavirus Fusong-Mf-682,,"Zou,Y., Wang,J.B., Gaowa,H.S., Yao,L.S., Hu,G.W., Li,M.H., Chen,H.X., Plyusnin,A., Shao,R., Zhang,Y.Z., Shao,R.F.","National Center for Biotechnology Information, NIH",USA,2018-08-24T00:00:00Z,,Fusong orthohantavirus,Orthohantavirus,Hantaviridae,ssRNA(-),3700,RefSeq,complete,,M,1,"China: Jilin Province, Fusong",China,,Microtus fortis,,,,"Hantavirus Fusong-Mf-682 M polyprotein gene, complete cds"
NC_038505.1,Laguna Negra orthohantavirus,,"Johnson,A.M., Bowen,M.D., Ksiazek,T.G., Williams,R.J., Bryan,R.T., Mills,J.N., Peters,C.J., Nichol,S.T.","National Center for Biotechnology Information, NIH",USA,2018-08-24T00:00:00Z,,Laguna Negra orthohantavirus,Orthohantavirus,Hantaviridae,ssRNA(-),1904,RefSeq,complete,,,1,,,,Calomys laucha,,,,"Laguna Negra virus nucleocapsid protein and putative nonstructural protein genes, complete cds"
NC_038506.1,Laguna Negra orthohantavirus,,"Johnson,A.M., Bowen,M.D., Ksiazek,T.G., Williams,R.J., Bryan,R.T., Mills,J.N., Peters,C.J., Nichol,S.T.","National Center for Biotechnology Information, NIH",USA,2018-08-24T00:00:00Z,,Laguna Negra orthohantavirus,Orthohantavirus,Hantaviridae,ssRNA(-),3698,RefSeq,complete,,,1,,,,Calomys laucha,,,,"Laguna Negra virus glycoprotein precursor gene, complete cds"
NC_038513.1,Laibin virus,,,"National Center for Biotechnology Information, NIH",USA,2018-08-24T00:00:00Z,,Laibin mobatvirus,Mobatvirus,Hantaviridae,ssRNA(-),3908,RefSeq,complete,,M,,China: Guangxi Province,China,,Taphozous melanopogon,lung,2012,,"Laibin virus strain BT20 segment M, complete sequence"
NC_038514.1,Laibin virus,,,"National Center for Biotechnology Information, NIH",USA,2018-08-24T00:00:00Z,,Laibin mobatvirus,Mobatvirus,Hantaviridae,ssRNA(-),1935,RefSeq,complete,,S,,China: Guangxi Province,China,,Taphozous melanopogon,lung,2012,,"Laibin virus strain BT20 segment S, complete sequence"
NC_038515.1,Laibin virus,,,"National Center for Biotechnology Information, NIH",USA,2018-08-24T00:00:00Z,,Laibin mobatvirus,Mobatvirus,Hantaviridae,ssRNA(-),6531,RefSeq,complete,,L,,China: Guangxi Province,China,,Taphozous melanopogon,lung,2012,,"Laibin virus strain BT20 segment L, complete sequence"
NC_038528.1,Eothenomys miletus hantavirus LX309,,"Zhang,Y., Yuan,J., Yang,X., Zhou,J., Yang,W., Peng,C., Zhang,H.L., Shi,Z., Zhang,Y.-Z., Yuan,J.-F., Yang,X.-L., Zhou,J.-H., Zhang,W.-H., Zhang,H.-L., Shi,Z.-L.","National Center for Biotechnology Information, NIH",USA,2018-08-24T00:00:00Z,LX309,Luxi orthohantavirus,Orthohantavirus,Hantaviridae,ssRNA(-),3663,RefSeq,complete,,middle,1,China,China,,Eothenomys miletus,lung,Sep-09,,"Eothenomys miletus hantavirus LX309 segment middle, complete sequence"
NC_038529.1,Eothenomys miletus hantavirus LX309,,"Zhang,Y., Yuan,J., Yang,X., Zhou,J., Yang,W., Peng,C., Zhang,H.L., Shi,Z., Zhang,Y.-Z., Yuan,J.-F., Yang,X.-L., Zhou,J.-H., Zhang,W.-H., Zhang,H.-L., Shi,Z.-L.","National Center for Biotechnology Information, NIH",USA,2018-08-24T00:00:00Z,LX309,Luxi orthohantavirus,Orthohantavirus,Hantaviridae,ssRNA(-),6538,RefSeq,complete,,large,1,China,China,,Eothenomys miletus,lung,2009,,"Eothenomys miletus hantavirus LX309 segment large, complete sequence"
NC_038530.1,Eothenomys miletus hantavirus LX309,,"Zhang,Y., Yuan,J., Yang,X., Zhou,J., Yang,W., Peng,C., Zhang,H.L., Shi,Z., Zhang,Y.-Z., Yuan,J.-F., Yang,X.-L., Zhou,J.-H., Zhang,W.-H., Zhang,H.-L., Shi,Z.-L.","National Center for Biotechnology Information, NIH",USA,2018-08-24T00:00:00Z,LX309,Luxi orthohantavirus,Orthohantavirus,Hantaviridae,ssRNA(-),2107,RefSeq,complete,,small,1,China,China,,Eothenomys miletus,lung,Sep-09,,"Eothenomys miletus hantavirus LX309 segment small, complete sequence"
NC_038694.1,Rockport virus,,"Kang,H.J., Bennett,S.N., Hope,A.G., Cook,J.A., Yanagihara,R., Bennet,S.N., Song,J.-W.","National Center for Biotechnology Information, NIH",USA,2018-08-24T00:00:00Z,MSB57412,Rockport orthohantavirus,Orthohantavirus,Hantaviridae,ssRNA(-),3647,RefSeq,complete,,M,1,USA,USA,,Scalopus aquaticus,,Oct-86,,"Rockport virus isolate MSB57412 segment M, complete sequence"
NC_038695.1,Rockport virus,,"Kang,H.J., Bennett,S.N., Hope,A.G., Cook,J.A., Yanagihara,R., Bennet,S.N., Song,J.-W.","National Center for Biotechnology Information, NIH",USA,2018-08-24T00:00:00Z,MSB57412,Rockport orthohantavirus,Orthohantavirus,Hantaviridae,ssRNA(-),6558,RefSeq,complete,,L,1,USA,USA,,Scalopus aquaticus,,Oct-86,,"Rockport virus isolate MSB57412 segment L, complete sequence"
NC_038696.1,Rockport virus,,"Kang,H.J., Bennett,S.N., Hope,A.G., Cook,J.A., Yanagihara,R., Bennet,S.N., Song,J.-W.","National Center for Biotechnology Information, NIH",USA,2018-08-24T00:00:00Z,MSB57412,Rockport orthohantavirus,Orthohantavirus,Hantaviridae,ssRNA(-),1830,RefSeq,complete,,S,1,USA,USA,,Scalopus aquaticus,,Oct-86,,"Rockport virus isolate MSB57412 segment S, complete sequence"
NC_038704.1,Yakeshi virus,,"Guo,W.P., Lin,X.D., Wang,W., Tian,J.H., Cong,M.L., Zhang,H.L., Wang,M.R., Zhou,R.H., Wang,J.B., Li,M.H., Xu,J., Holmes,E.C., Zhang,Y.Z., Guo,W.-P., Zhou,R.-H., Zhang,Y.-Z., Lin,X.-D.","National Center for Biotechnology Information, NIH",USA,2018-08-24T00:00:00Z,,Yakeshi orthohantavirus,Orthohantavirus,Hantaviridae,ssRNA(-),1686,RefSeq,complete,,S,1,China,China,,,lung,2006,,"Yakeshi virus strain Yakeshi-Si-210 nucleocapsid gene, complete cds"
NC_038705.1,Yakeshi virus,,"Guo,W.P., Lin,X.D., Wang,W., Tian,J.H., Cong,M.L., Zhang,H.L., Wang,M.R., Zhou,R.H., Wang,J.B., Li,M.H., Xu,J., Holmes,E.C., Zhang,Y.Z., Guo,W.-P., Zhou,R.-H., Zhang,Y.-Z., Lin,X.-D.","National Center for Biotechnology Information, NIH",USA,2018-08-24T00:00:00Z,,Yakeshi orthohantavirus,Orthohantavirus,Hantaviridae,ssRNA(-),3630,RefSeq,complete,,M,1,China,China,,Sorex isodon,lung,2006,,"Yakeshi virus strain Yakeshi-Si-210 glycoprotein gene, complete cds"
NC_038938.1,Prospect Hill orthohantavirus,,"Plyusnin,A., Vapalahti,O., Vaheri,A.","National Center for Biotechnology Information, NIH",USA,2018-08-24T00:00:00Z,,Prospect Hill orthohantavirus,Orthohantavirus,Hantaviridae,ssRNA(-),1675,RefSeq,complete,,S,1,,,,,,,,"Prospect Hill virus RNA, strain PH-1"
NC_038939.1,Prospect Hill orthohantavirus,,"Song,J.W., Gu,S.H., Bennett,S.N., Arai,S., Puorger,M., Hilbe,M., Yanagihara,R., Nerurkar,V.R., Song,J.-W.","National Center for Biotechnology Information, NIH",USA,2018-08-24T00:00:00Z,,Prospect Hill orthohantavirus,Orthohantavirus,Hantaviridae,ssRNA(-),6559,RefSeq,complete,,L,1,USA,USA,,Microtus pennsylvanicus,,,,"Prospect Hill virus segment L, complete sequence"
NC_038940.1,Prospect Hill orthohantavirus,,"Parrington,M.A., Lee,P.W., Kang,C.Y.","National Center for Biotechnology Information, NIH",USA,2018-08-24T00:00:00Z,,Prospect Hill orthohantavirus,Orthohantavirus,Hantaviridae,ssRNA(-),3707,RefSeq,complete,,M,1,,,,,,,,Prospect Hill virus mRNA for glycoproteins G1 and G2
NC_034515.1,Cano Delgadito orthohantavirus,,"Richter,M.H., Wilson,M.J., Milazzo,M.L., Gerrard,S.R., Fulhorst,C.F.","National Center for Biotechnology Information, NIH",USA,2017-05-15T00:00:00Z,,Cano Delgadito orthohantavirus,Orthohantavirus,Hantaviridae,ssRNA(-),6578,RefSeq,complete,,L,,Venezuela,Venezuela,,Sigmodon alstoni,lung,1996,,"Cano Delgadito virus strain VHV-574 RNA-dependent RNA polymerase gene, complete cds"
NC_034516.1,Sangassou orthohantavirus,,"Klempa,B., Witkowski,P.T., Popugaeva,E., Auste,B., Koivogui,L., Fichet-Calvet,E., Strecker,T., Ter Meulen,J., Kruger,D.H.","National Center for Biotechnology Information, NIH",USA,2017-05-15T00:00:00Z,,Sangassou orthohantavirus,Orthohantavirus,Hantaviridae,ssRNA(-),3651,RefSeq,complete,,M,1,Guinea,Guinea,,Hylomyscus simus,"spleen, abdominal cavity",2004,,"Sangassou virus strain SA14 glycoprotein precursor (M) gene, complete cds"
NC_034517.1,Sangassou orthohantavirus,,"Klempa,B., Witkowski,P.T., Popugaeva,E., Auste,B., Koivogui,L., Fichet-Calvet,E., Strecker,T., Ter Meulen,J., Kruger,D.H.","National Center for Biotechnology Information, NIH",USA,2017-05-15T00:00:00Z,,Sangassou orthohantavirus,Orthohantavirus,Hantaviridae,ssRNA(-),6531,RefSeq,complete,,L,1,Guinea,Guinea,,Hylomyscus simus,"spleen, abdominal cavity",2004,,"Sangassou virus strain SA14 RNA polymerase (L) gene, complete cds"
NC_034518.1,Khabarovsk orthohantavirus,,"Wang,C.Q., Gao,J.H., Li,M., Guo,W.P., Lu,M.Q., Wang,W., Hu,M.X., Li,M.H., Yang,J., Liang,H.J., Tian,X.F., Holmes,E.C., Zhang,Y.Z.","National Center for Biotechnology Information, NIH",USA,2017-05-15T00:00:00Z,Fuyuan-Mm-217,Khabarovsk orthohantavirus,Orthohantavirus,Hantaviridae,ssRNA(-),3706,RefSeq,complete,,M,1,China,China,,Microtus maximowiczii,lung,2011,,"Khabarovsk virus isolate Fuyuan-Mm-217 glycoprotein gene, complete cds"
NC_034519.1,Khabarovsk orthohantavirus,,"Wang,C.Q., Gao,J.H., Li,M., Guo,W.P., Lu,M.Q., Wang,W., Hu,M.X., Li,M.H., Yang,J., Liang,H.J., Tian,X.F., Holmes,E.C., Zhang,Y.Z.","National Center for Biotechnology Information, NIH",USA,2017-05-15T00:00:00Z,Fuyuan-Mm-217,Khabarovsk orthohantavirus,Orthohantavirus,Hantaviridae,ssRNA(-),6581,RefSeq,complete,,L,1,China,China,,Microtus maximowiczii,lung,2011,,"Khabarovsk virus isolate Fuyuan-Mm-217 RNA-dependent RNA polymerase gene, complete cds"
NC_034525.1,Cano Delgadito orthohantavirus,,"Milazzo,M.L., Cajimat,M.N., Hanson,J.D., Bradley,R.D., Quintana,M., Sherman,C., Velasquez,R.T., Fulhorst,C.F., Cajimat,M.N.B.","National Center for Biotechnology Information, NIH",USA,2017-05-15T00:00:00Z,,Cano Delgadito orthohantavirus,Orthohantavirus,Hantaviridae,ssRNA(-),3675,RefSeq,complete,,M,1,Venezuela,Venezuela,,Sigmodon alstoni,lung,,,"Cano Delgadito virus strain VHV-574 segment M, complete sequence"
NC_034526.1,Sangassou orthohantavirus,,"Klempa,B., Witkowski,P.T., Popugaeva,E., Auste,B., Koivogui,L., Fichet-Calvet,E., Strecker,T., Ter Meulen,J., Kruger,D.H.","National Center for Biotechnology Information, NIH",USA,2017-05-15T00:00:00Z,,Sangassou orthohantavirus,Orthohantavirus,Hantaviridae,ssRNA(-),1746,RefSeq,complete,,S,1,Guinea,Guinea,,Hylomyscus simus,"spleen, abdominal cavity",2004,,"Sangassou virus strain SA14 N protein (S) gene, complete cds"
NC_034527.1,Khabarovsk orthohantavirus,,"Wang,C.Q., Gao,J.H., Li,M., Guo,W.P., Lu,M.Q., Wang,W., Hu,M.X., Li,M.H., Yang,J., Liang,H.J., Tian,X.F., Holmes,E.C., Zhang,Y.Z.","National Center for Biotechnology Information, NIH",USA,2017-05-15T00:00:00Z,Fuyuan-Mm-217,Khabarovsk orthohantavirus,Orthohantavirus,Hantaviridae,ssRNA(-),1845,RefSeq,complete,,S,1,China,China,,Microtus maximowiczii,lung,2011,,"Khabarovsk virus isolate Fuyuan-Mm-217 nucleocapsid gene, complete cds"
NC_034528.1,Cano Delgadito orthohantavirus,,"Milazzo,M.L., Cajimat,M.N., Hanson,J.D., Bradley,R.D., Quintana,M., Sherman,C., Velasquez,R.T., Fulhorst,C.F., Cajimat,M.N.B.","National Center for Biotechnology Information, NIH",USA,2017-05-15T00:00:00Z,,Cano Delgadito orthohantavirus,Orthohantavirus,Hantaviridae,ssRNA(-),1986,RefSeq,complete,,S,1,Venezuela,Venezuela,,Sigmodon alstoni,lung,,,"Cano Delgadito virus strain VHV-574 segment S, complete sequence"
NC_034552.1,Maporal virus,,"Fulhorst,C.F., Cajimat,M.N., Utrera,A., Milazzo,M.L., Duno,G.M., Cajimat,M.N.B.","National Center for Biotechnology Information, NIH",USA,2017-05-15T00:00:00Z,,Maporal orthohantavirus,Orthohantavirus,Hantaviridae,ssRNA(-),3684,RefSeq,complete,,M,1,,,,,spleen,,,"Maporal virus strain HV-97021050 segment M, complete sequence"
NC_034553.1,Maporal virus,,"Richter,M.H., Hanson,J.D., Cajimat,M.N., Milazzo,M.L., Fulhorst,C.F., Cajimat,M.N.B.","National Center for Biotechnology Information, NIH",USA,2017-05-15T00:00:00Z,,Maporal orthohantavirus,Orthohantavirus,Hantaviridae,ssRNA(-),6563,RefSeq,complete,,L,1,Venezuela,Venezuela,,Oligoryzomys fulvescens,,,,"Maporal virus strain HV 97021050 segment L, complete sequence"
NC_034555.1,Anjozorobe virus,,"Reynes,J.M., Razafindralambo,N.K., Lacoste,V., Olive,M.M., Barivelo,T.A., Soarimalala,V., Heraud,J.M., Lavergne,A., Reynes,J.-M., Olive,M.-M., Marianneau,P., Soarimalala,V.L., Heraud,J.-M.","National Center for Biotechnology Information, NIH",USA,2017-05-15T00:00:00Z,,Thailand orthohantavirus,Orthohantavirus,Hantaviridae,ssRNA(-),1816,RefSeq,complete,,S,1,Madagascar: Anjozorobe district,Madagascar,,Eliurus majori,,2008/10/3,,"Anjozorobe hantavirus strain Anjozorobe/Em/MDG/2009/ATD49 nucleocapsid protein (N) gene, complete cds"
NC_034556.1,Anjozorobe virus,,"Reynes,J.M., Razafindralambo,N.K., Lacoste,V., Olive,M.M., Barivelo,T.A., Soarimalala,V., Heraud,J.M., Lavergne,A., Reynes,J.-M., Olive,M.-M., Marianneau,P., Soarimalala,V.L., Heraud,J.-M.","National Center for Biotechnology Information, NIH",USA,2017-05-15T00:00:00Z,,Thailand orthohantavirus,Orthohantavirus,Hantaviridae,ssRNA(-),6508,RefSeq,complete,,L,1,Madagascar: Anjozorobe district,Madagascar,,Eliurus majori,"spleen, liver, abdominal cavity",2008/10/3,,"Anjozorobe hantavirus strain Anjozorobe/Em/MDG/2009/ATD49 RNA-dependent RNA polymerase gene, complete cds"
NC_034557.1,Imjin virus,,"Lin,X.D., Zhou,R.H., Fan,F.N., Ying,X.H., Sun,X.Y., Wang,W., Holmes,E.C., Zhang,Y.Z., Lin,X.-D., Zhou,R.-H., Zhang,Y.-Z.","National Center for Biotechnology Information, NIH",USA,2017-05-15T00:00:00Z,,Imjin thottimvirus,Thottimvirus,Hantaviridae,ssRNA(-),3649,RefSeq,complete,,M,1,China,China,,Crocidura lasiura,lung,2013,,"Imjin virus segment M glycoprotein gene, complete cds"
NC_034558.1,Imjin virus,,"Lin,X.D., Zhou,R.H., Fan,F.N., Ying,X.H., Sun,X.Y., Wang,W., Holmes,E.C., Zhang,Y.Z., Lin,X.-D., Zhou,R.-H., Zhang,Y.-Z.","National Center for Biotechnology Information, NIH",USA,2017-05-15T00:00:00Z,,Imjin thottimvirus,Thottimvirus,Hantaviridae,ssRNA(-),1567,RefSeq,complete,,S,1,China,China,,Crocidura lasiura,lung,2013,,"Imjin virus segment S nucleoprotein gene, complete cds"
NC_034559.1,Kenkeme virus,,"Wang,C.Q., Gao,J.H., Li,M., Guo,W.P., Lu,M.Q., Wang,W., Hu,M.X., Li,M.H., Yang,J., Liang,H.J., Tian,X.F., Holmes,E.C., Zhang,Y.Z.","National Center for Biotechnology Information, NIH",USA,2017-05-15T00:00:00Z,Fuyuan-Sr-326,Kenkeme orthohantavirus,Orthohantavirus,Hantaviridae,ssRNA(-),1597,RefSeq,complete,,S,1,China,China,,Sorex roboratus,lung,2011,,"Kenkeme virus isolate Fuyuan-Sr-326 nucleocapsid gene, complete cds"
NC_034560.1,Kenkeme virus,,"Wang,C.Q., Gao,J.H., Li,M., Guo,W.P., Lu,M.Q., Wang,W., Hu,M.X., Li,M.H., Yang,J., Liang,H.J., Tian,X.F., Holmes,E.C., Zhang,Y.Z.","National Center for Biotechnology Information, NIH",USA,2017-05-15T00:00:00Z,Fuyuan-Sr-326,Kenkeme orthohantavirus,Orthohantavirus,Hantaviridae,ssRNA(-),6499,RefSeq,complete,,L,1,China,China,,Sorex roboratus,lung,2011,,"Kenkeme virus isolate Fuyuan-Sr-326 RNA-dependent RNA polymerase gene, complete cds"
NC_034563.1,Anjozorobe virus,,"Reynes,J.M., Razafindralambo,N.K., Lacoste,V., Olive,M.M., Barivelo,T.A., Soarimalala,V., Heraud,J.M., Lavergne,A., Reynes,J.-M., Olive,M.-M., Marianneau,P., Soarimalala,V.L., Heraud,J.-M.","National Center for Biotechnology Information, NIH",USA,2017-05-15T00:00:00Z,,Thailand orthohantavirus,Orthohantavirus,Hantaviridae,ssRNA(-),3586,RefSeq,complete,,M,1,Madagascar: Anjozorobe district,Madagascar,,Eliurus majori,"spleen, liver, abdominal cavity",2008/10/3,,"Anjozorobe hantavirus strain Anjozorobe/Em/MDG/2009/ATD49 glycoprotein precursor, gene, complete cds"
NC_034564.1,Imjin virus,,"Lin,X.D., Zhou,R.H., Fan,F.N., Ying,X.H., Sun,X.Y., Wang,W., Holmes,E.C., Zhang,Y.Z., Lin,X.-D., Zhou,R.-H., Zhang,Y.-Z.","National Center for Biotechnology Information, NIH",USA,2017-05-15T00:00:00Z,,Imjin thottimvirus,Thottimvirus,Hantaviridae,ssRNA(-),6581,RefSeq,complete,,L,1,China,China,,Crocidura lasiura,lung,2013,,"Imjin virus segment L RNA-dependent RNA polymerase gene, complete cds"
NC_034565.1,Kenkeme virus,,"Wang,C.Q., Gao,J.H., Li,M., Guo,W.P., Lu,M.Q., Wang,W., Hu,M.X., Li,M.H., Yang,J., Liang,H.J., Tian,X.F., Holmes,E.C., Zhang,Y.Z.","National Center for Biotechnology Information, NIH",USA,2017-05-15T00:00:00Z,Fuyuan-Sr-326,Kenkeme orthohantavirus,Orthohantavirus,Hantaviridae,ssRNA(-),3635,RefSeq,complete,,M,1,China,China,,Sorex roboratus,lung,2011,,"Kenkeme virus isolate Fuyuan-Sr-326 glycoprotein gene, complete cds"
NC_034566.1,Maporal virus,,"Fulhorst,C.F., Cajimat,M.N., Utrera,A., Milazzo,M.L., Duno,G.M., Cajimat,M.N.B.","National Center for Biotechnology Information, NIH",USA,2017-05-15T00:00:00Z,,Maporal orthohantavirus,Orthohantavirus,Hantaviridae,ssRNA(-),1859,RefSeq,complete,,S,1,Venezuela,Venezuela,,Oligoryzomys fulvescens,"spleen, abdominal cavity",,,"Maporal virus segment S nucleocapsid protein gene, complete cds"
NC_034464.1,Nova virus,,"Gu,S.H., Hejduk,J., Markowski,J., Markowski,M., Liberski,P.P., Yanagihara,R.","National Center for Biotechnology Information, NIH",USA,2017-05-05T00:00:00Z,,Nova mobatvirus,Mobatvirus,Hantaviridae,ssRNA(-),1825,RefSeq,complete,,S,1,Poland,Poland,,Talpa europaea,lung,2013/8/26,,"Nova virus strain Te34 nucleocapsid gene, complete cds"
NC_034465.1,Nova virus,,"Gu,S.H., Hejduk,J., Markowski,J., Markowski,M., Liberski,P.P., Yanagihara,R.","National Center for Biotechnology Information, NIH",USA,2017-05-05T00:00:00Z,,Nova mobatvirus,Mobatvirus,Hantaviridae,ssRNA(-),6563,RefSeq,complete,,L,1,Poland,Poland,,Talpa europaea,lung,2013/8/26,,"Nova virus strain Te34 RNA-dependent RNA polymerase gene, complete cds"
NC_034466.1,Fugong virus,,"Ge,X.Y., Yang,W.H., Pan,H., Zhou,J.H., Han,X., Zhu,G.J., Desmond,J.S., Daszak,P., Shi,Z.L., Zhang,Y.Z., Ge,X.-Y., Yang,W.-H., Pang,H., Zhou,J.-H., Hang,X., Zhu,G.-J., Shi,Z.-L., Zhang,Y.-Z.","National Center for Biotechnology Information, NIH",USA,2017-05-05T00:00:00Z,FG10,Fugong orthohantavirus,Orthohantavirus,Hantaviridae,ssRNA(-),3630,RefSeq,complete,,middle,1,China,China,,Eothenomys eleusis,,Aug-12,,"Fugong virus isolate FG10 segment middle, complete sequence"
NC_034467.1,Fugong virus,,"Ge,X.Y., Yang,W.H., Pan,H., Zhou,J.H., Han,X., Zhu,G.J., Desmond,J.S., Daszak,P., Shi,Z.L., Zhang,Y.Z., Ge,X.-Y., Yang,W.-H., Pang,H., Zhou,J.-H., Hang,X., Zhu,G.-J., Shi,Z.-L., Zhang,Y.-Z.","National Center for Biotechnology Information, NIH",USA,2017-05-05T00:00:00Z,FG10,Fugong orthohantavirus,Orthohantavirus,Hantaviridae,ssRNA(-),6531,RefSeq,complete,,large,1,China,China,,Eothenomys eleusis,,Aug-12,,"Fugong virus isolate FG10 segment large, complete sequence"
NC_034470.1,Nova virus,,"Gu,S.H., Hejduk,J., Markowski,J., Markowski,M., Liberski,P.P., Yanagihara,R.","National Center for Biotechnology Information, NIH",USA,2017-05-05T00:00:00Z,,Nova mobatvirus,Mobatvirus,Hantaviridae,ssRNA(-),3590,RefSeq,complete,,M,1,Poland,Poland,,Talpa europaea,lung,2013/8/26,,"Nova virus strain Te34 glycoprotein gene, complete cds"
NC_034473.1,Fugong virus,,"Ge,X.Y., Yang,W.H., Pan,H., Zhou,J.H., Han,X., Zhu,G.J., Desmond,J.S., Daszak,P., Shi,Z.L., Zhang,Y.Z., Ge,X.-Y., Yang,W.-H., Pang,H., Zhou,J.-H., Hang,X., Zhu,G.-J., Shi,Z.-L., Zhang,Y.-Z.","National Center for Biotechnology Information, NIH",USA,2017-05-05T00:00:00Z,FG10,Fugong orthohantavirus,Orthohantavirus,Hantaviridae,ssRNA(-),1813,RefSeq,complete,,small,1,China,China,,Eothenomys eleusis,,Aug-12,,"Fugong virus isolate FG10 segment small, complete sequence"
NC_034474.1,Cao Bang orthohantavirus,,"Song,J.W., Kang,H.J., Song,K.J., Truong,T.T., Bennett,S.N., Arai,S., Truong,N.U., Yanagihara,R., Gu,S.H., Puorger,M., Hilbe,M., Song,J.-W., Song,K.-J.","National Center for Biotechnology Information, NIH",USA,2017-05-05T00:00:00Z,,Cao Bang orthohantavirus,Orthohantavirus,Hantaviridae,ssRNA(-),3637,RefSeq,complete,,M,2,Viet Nam,Viet Nam,,Anourosorex squamipes,lung,,,"Cao Bang virus strain 3 segment M glycoprotein gene, complete cds"
NC_034484.1,Cao Bang orthohantavirus,,"Song,J.W., Kang,H.J., Song,K.J., Truong,T.T., Bennett,S.N., Arai,S., Truong,N.U., Yanagihara,R., Gu,S.H., Puorger,M., Hilbe,M., Song,J.-W., Song,K.-J.","National Center for Biotechnology Information, NIH",USA,2017-05-05T00:00:00Z,,Cao Bang orthohantavirus,Orthohantavirus,Hantaviridae,ssRNA(-),1833,RefSeq,complete,,S,2,Viet Nam,Viet Nam,,Anourosorex squamipes,lung,,,"Cao Bang virus strain 3 segment S nucleocapsid protein gene, complete cds"
NC_034485.1,Cao Bang orthohantavirus,,"Song,J.W., Kang,H.J., Song,K.J., Truong,T.T., Bennett,S.N., Arai,S., Truong,N.U., Yanagihara,R., Gu,S.H., Puorger,M., Hilbe,M., Song,J.-W., Song,K.-J.","National Center for Biotechnology Information, NIH",USA,2017-05-05T00:00:00Z,,Cao Bang orthohantavirus,Orthohantavirus,Hantaviridae,ssRNA(-),6533,RefSeq,complete,,L,2,Viet Nam,Viet Nam,,Anourosorex squamipes,lung,,,"Cao Bang virus strain 3 segment L polymerase gene, complete cds"
NC_034393.1,Quezon virus,,"Arai,S., Taniguchi,S., Aoki,K., Yoshikawa,Y., Kyuwa,S., Tanaka-Taya,K., Masangkay,J.S., Omatsu,T., Puentespina,R. Jr., Watanabe,S., Alviola,P., Alvarez,J., Eres,E., Cosico,E., Quibod,M.N., Morikawa,S., Yanagihara,R., Oishi,K., Puentespina,R., Puentespina,R.P. Jr., Quibod,N.","National Center for Biotechnology Information, NIH",USA,2017-05-01T00:00:00Z,,Quezon mobatvirus,Mobatvirus,Hantaviridae,ssRNA(-),3772,RefSeq,complete,,M,1,"Philippines: Quezon NAS, Luzon Island",Philippines,,Rousettus amplexicaudatus,lung,2009/3/16,,"Quezon virus clone MT1720/1657 segment M, complete sequence"
NC_034394.1,Bruges virus,,"Laenen,L., Vergote,V., Kafetzopoulou,L.E., Wawina,T.B., Vassou,D., Cook,J.A., Hugot,J.P., Deboutte,W., Kang,H.J., Witkowski,P.T., Koppen-Rung,P., Kruger,D.H., Lickova,M., Stang,A., Strieskova,L., Szemes,T., Markowski,J., Hejduk,J., Kafetzopoulos,D., Van Ranst,M., Yanagihara,R., Klempa,B., Maes,P.","National Center for Biotechnology Information, NIH",USA,2017-05-01T00:00:00Z,,Bruges orthohantavirus,Orthohantavirus,Hantaviridae,ssRNA(-),1829,RefSeq,complete,,S,1,Belgium,Belgium,,Talpa europaea,"kidney, abdominal cavity",2013/12/9,,"Bruges hantavirus strain BE/Vieux-Genappe/TE/2013/1 nucleocapsid protein gene, complete cds"
NC_034395.1,Bruges virus,,"Laenen,L., Vergote,V., Kafetzopoulou,L.E., Wawina,T.B., Vassou,D., Cook,J.A., Hugot,J.P., Deboutte,W., Kang,H.J., Witkowski,P.T., Koppen-Rung,P., Kruger,D.H., Lickova,M., Stang,A., Strieskova,L., Szemes,T., Markowski,J., Hejduk,J., Kafetzopoulos,D., Van Ranst,M., Yanagihara,R., Klempa,B., Maes,P.","National Center for Biotechnology Information, NIH",USA,2017-05-01T00:00:00Z,,Bruges orthohantavirus,Orthohantavirus,Hantaviridae,ssRNA(-),3641,RefSeq,complete,,M,1,Belgium,Belgium,,Talpa europaea,"kidney, abdominal cavity",2013/12/9,,"Bruges hantavirus strain BE/Vieux-Genappe/TE/2013/1 glycoprotein precursor, gene, complete cds"
NC_034396.1,Montano orthohantavirus,,"Kariwa,H., Saasa,N., Sanchez-Hernandez,C., Romero-Almaraz,M., Yoshida,H., Almazan-Catalan,A., Miyashita,D., Ishizuka,M., Seto,T., Sanada,T., Ramos,C., Yoshimatsu,K., Arikawa,J., Yoshii,K., Takashima,I.","National Center for Biotechnology Information, NIH",USA,2017-05-01T00:00:00Z,104/2006,Montano orthohantavirus,Orthohantavirus,Hantaviridae,ssRNA(-),2006,RefSeq,complete,,S,,Mexico: Guerrero,Mexico,,Peromyscus beatae,lung,2006/5/12,,"Montano virus gene for nucleocapsid protein, complete cds, isolate: 104/2006"
NC_034397.1,Montano orthohantavirus,,"Kariwa,H., Saasa,N., Sanchez-Hernandez,C., Romero-Almaraz,M., Yoshida,H., Almazan-Catalan,A., Miyashita,D., Ishizuka,M., Seto,T., Sanada,T., Ramos,C., Yoshimatsu,K., Arikawa,J., Yoshii,K., Takashima,I.","National Center for Biotechnology Information, NIH",USA,2017-05-01T00:00:00Z,104/2006,Montano orthohantavirus,Orthohantavirus,Hantaviridae,ssRNA(-),3636,RefSeq,complete,,M,,Mexico: Guerrero,Mexico,,Peromyscus beatae,lung,2006/5/12,,"Montano virus gene for glycoprotein precursor, complete cds, isolate: 104/2006"
NC_034398.1,Jeju virus,,"Arai,S., Gu,S.H., Baek,L.J., Tabara,K., Bennett,S.N., Oh,H.S., Takada,N., Kang,H.J., Tanaka-Taya,K., Morikawa,S., Okabe,N., Yanagihara,R., Song,J.W., Song,J.-W.","National Center for Biotechnology Information, NIH",USA,2017-05-01T00:00:00Z,,Jeju orthohantavirus,Orthohantavirus,Hantaviridae,ssRNA(-),1754,RefSeq,complete,,S,1,South Korea,South Korea,,Crocidura shantungensis,lung,2010/4/29,,"Jeju virus strain 10-11 nucleocapsid protein gene, complete cds"
NC_034399.1,Jeju virus,,"Arai,S., Gu,S.H., Baek,L.J., Tabara,K., Bennett,S.N., Oh,H.S., Takada,N., Kang,H.J., Tanaka-Taya,K., Morikawa,S., Okabe,N., Yanagihara,R., Song,J.W., Song,J.-W.","National Center for Biotechnology Information, NIH",USA,2017-05-01T00:00:00Z,,Jeju orthohantavirus,Orthohantavirus,Hantaviridae,ssRNA(-),6588,RefSeq,complete,,L,1,South Korea,South Korea,,Crocidura shantungensis,lung,2010/4/29,,"Jeju virus strain 10-11 RNA-dependent RNA polymerase gene, complete cds"
NC_034400.1,Quezon virus,,"Arai,S., Taniguchi,S., Aoki,K., Yoshikawa,Y., Kyuwa,S., Tanaka-Taya,K., Masangkay,J.S., Omatsu,T., Puentespina,R. Jr., Watanabe,S., Alviola,P., Alvarez,J., Eres,E., Cosico,E., Quibod,M.N., Morikawa,S., Yanagihara,R., Oishi,K., Puentespina,R., Puentespina,R.P. Jr., Quibod,N.","National Center for Biotechnology Information, NIH",USA,2017-05-01T00:00:00Z,,Quezon mobatvirus,Mobatvirus,Hantaviridae,ssRNA(-),1830,RefSeq,complete,,S,1,"Philippines: Quezon NAS, Luzon Island",Philippines,,Rousettus amplexicaudatus,lung,2009/3/16,,"Quezon virus clone MT1720/1657 segment S, complete sequence"
NC_034401.1,Quezon virus,,"Arai,S., Taniguchi,S., Aoki,K., Yoshikawa,Y., Kyuwa,S., Tanaka-Taya,K., Masangkay,J.S., Omatsu,T., Puentespina,R. Jr., Watanabe,S., Alviola,P., Alvarez,J., Eres,E., Cosico,E., Quibod,M.N., Morikawa,S., Yanagihara,R., Oishi,K., Puentespina,R., Puentespina,R.P. Jr., Quibod,N.","National Center for Biotechnology Information, NIH",USA,2017-05-01T00:00:00Z,,Quezon mobatvirus,Mobatvirus,Hantaviridae,ssRNA(-),6556,RefSeq,complete,,L,1,"Philippines: Quezon NAS, Luzon Island",Philippines,,Rousettus amplexicaudatus,lung,2009/3/16,,"Quezon virus clone MT1720/1657 segment L, complete sequence"
NC_034402.1,Bruges virus,,"Laenen,L., Vergote,V., Kafetzopoulou,L.E., Wawina,T.B., Vassou,D., Cook,J.A., Hugot,J.P., Deboutte,W., Kang,H.J., Witkowski,P.T., Koppen-Rung,P., Kruger,D.H., Lickova,M., Stang,A., Strieskova,L., Szemes,T., Markowski,J., Hejduk,J., Kafetzopoulos,D., Van Ranst,M., Yanagihara,R., Klempa,B., Maes,P.","National Center for Biotechnology Information, NIH",USA,2017-05-01T00:00:00Z,,Bruges orthohantavirus,Orthohantavirus,Hantaviridae,ssRNA(-),6538,RefSeq,complete,,L,1,Belgium,Belgium,,Talpa europaea,"kidney, abdominal cavity",2013/12/9,,"Bruges hantavirus strain BE/Vieux-Genappe/TE/2013/1 RNA-dependent RNA polymerase gene, complete cds"
NC_034403.1,Montano orthohantavirus,,"Kariwa,H., Saasa,N., Sanchez-Hernandez,C., Romero-Almaraz,M., Yoshida,H., Almazan-Catalan,A., Miyashita,D., Ishizuka,M., Seto,T., Sanada,T., Ramos,C., Yoshimatsu,K., Arikawa,J., Yoshii,K., Takashima,I.","National Center for Biotechnology Information, NIH",USA,2017-05-01T00:00:00Z,104/2006,Montano orthohantavirus,Orthohantavirus,Hantaviridae,ssRNA(-),6529,RefSeq,complete,,L,,Mexico: Guerrero,Mexico,,Peromyscus beatae,lung,2006/5/12,,"Montano virus gene for RNA-dependent RNA polymerase, complete cds, isolate: 104/2006"
NC_034404.1,Jeju virus,,"Arai,S., Gu,S.H., Baek,L.J., Tabara,K., Bennett,S.N., Oh,H.S., Takada,N., Kang,H.J., Tanaka-Taya,K., Morikawa,S., Okabe,N., Yanagihara,R., Song,J.W., Song,J.-W.","National Center for Biotechnology Information, NIH",USA,2017-05-01T00:00:00Z,,Jeju orthohantavirus,Orthohantavirus,Hantaviridae,ssRNA(-),3570,RefSeq,complete,,M,1,South Korea,South Korea,,Crocidura shantungensis,lung,2010/4/29,,"Jeju virus strain 10-11 glycoprotein precursor, gene, complete cds"
NC_034405.1,Bowe virus,,"Gu,S.H., Nicolas,V., Lalis,A., Sathirapongsasuti,N., Yanagihara,R., Denys,C.","National Center for Biotechnology Information, NIH",USA,2017-05-01T00:00:00Z,,Bowe orthohantavirus,Orthohantavirus,Hantaviridae,ssRNA(-),1731,RefSeq,complete,,S,1,Guinea,Guinea,,Crocidura douceti,muscle,2012/2/20,,"Bowe virus strain VN1512 nucleocapsid gene, complete cds"
NC_034406.1,Bowe virus,,"Gu,S.H., Nicolas,V., Lalis,A., Sathirapongsasuti,N., Yanagihara,R., Denys,C.","National Center for Biotechnology Information, NIH",USA,2017-05-01T00:00:00Z,,Bowe orthohantavirus,Orthohantavirus,Hantaviridae,ssRNA(-),3597,RefSeq,complete,,M,1,Guinea,Guinea,,Crocidura douceti,muscle,2012/2/20,,"Bowe virus strain VN1512 glycoprotein gene, complete cds"
NC_034407.1,Bowe virus,,"Gu,S.H., Nicolas,V., Lalis,A., Sathirapongsasuti,N., Yanagihara,R., Denys,C.","National Center for Biotechnology Information, NIH",USA,2017-05-01T00:00:00Z,,Bowe orthohantavirus,Orthohantavirus,Hantaviridae,ssRNA(-),6551,RefSeq,complete,,L,1,Guinea,Guinea,,Crocidura douceti,muscle,2012/2/20,,"Bowe virus strain VN1512 RNA-dependent RNA polymerase gene, complete cds"
NC_010704.1,Thottopalayam virus,,"Song,J.-W., Baek,L.J., Schmaljohn,C., Yanagihara,R., Schmaljohn,C.S., Toney,A.","National Center for Biotechnology Information, NIH",USA,2008-05-20T00:00:00Z,,Thottapalayam thottimvirus,Thottimvirus,Hantaviridae,ssRNA(-),1530,RefSeq,complete,,S,,India,India,,Suncus murinus,,,,"Thottapalayam virus segment S, complete sequence"
NC_010707.1,Thottopalayam virus,,"Yadav,P.D., Vincent,M.J., Nichol,S.T.","National Center for Biotechnology Information, NIH",USA,2008-05-20T00:00:00Z,,Thottapalayam thottimvirus,Thottimvirus,Hantaviridae,ssRNA(-),6581,RefSeq,complete,,L,1,"India: Vellore, Tamil Nadu",India,,Suncus murinus,,1964,,"Thottapalayam virus segment L, complete sequence"
NC_010708.1,Thottopalayam virus,,"Yadav,P.D., Vincent,M.J., Nichol,S.T.","National Center for Biotechnology Information, NIH",USA,2008-05-20T00:00:00Z,,Thottopalayam thottimvirus,Thottimvirus,Hantaviridae,ssRNA(-),3621,RefSeq,complete,,M,1,"India: Vellore, Tamil Nadu",India,,Suncus murinus,,1964,,"Thottapalayam virus segment M, complete sequence"
NC_006433.1,Hantavirus Z10,,"Zhihui,Y., Guanmu,D., Yongxin,Y., Zhiyong,Z., Wenxue,L.","National Center for Biotechnology Information, NIH",USA,2004-11-13T00:00:00Z,,Hantavirus Z10,Orthohantavirus,Hantaviridae,ssRNA(-),1701,RefSeq,complete,,S,,,,,,,,,"Hantavirus Z10 chromosome S segment, complete genome"
NC_006435.1,Hantavirus Z10,,"Zhihui,Y., Guanmu,D., Yongxin,Y., Zhiyong,Z., Wenxue,L., Xiaoheng,D.","National Center for Biotechnology Information, NIH",USA,2004-11-13T00:00:00Z,,Hantavirus Z10,Orthohantavirus,Hantaviridae,ssRNA(-),6533,RefSeq,complete,,L,,,,,,,,,"Hantavirus Z10 chromosome L, complete genome"
NC_006437.1,Hantavirus Z10,,"Zhu,H.P., Liu,H.B., Yao,P.P., Zhu,Z.Y.","National Center for Biotechnology Information, NIH",USA,2004-11-13T00:00:00Z,,Hantavirus Z10,Orthohantavirus,Hantaviridae,ssRNA(-),3616,RefSeq,complete,,M,,,,,,,,,"Hantavirus Z10 segment M, complete genome"
NC_005233.1,Dobrava-Belgrade orthohantavirus,,"Nemirov,K., Vapalahti,O., Papa,A., Plyusnina,A., Lundkvist,A., Antoniadis,A., Vaheri,A., Plyusnin,A.","National Center for Biotechnology Information, NIH",USA,2003-11-25T00:00:00Z,,Dobrava-Belgrade orthohantavirus,Orthohantavirus,Hantaviridae,ssRNA(-),1673,RefSeq,complete,,,1,Greece:Ano-Poroia,Greece,,Apodemus flavicollis,,,SAMEA3283064,"Dobrava virus complete S segment gene for nucleocapsid protein, strain DOBV/Ano-Poroia/Afl9/1999"
NC_005234.1,Dobrava-Belgrade orthohantavirus,,"Nemirov,K., Vapalahti,O., Papa,A., Plyusnina,A., Lundkvist,A., Antoniadis,A., Vaheri,A., Plyusnin,A.","National Center for Biotechnology Information, NIH",USA,2003-11-25T00:00:00Z,,Dobrava-Belgrade orthohantavirus,Orthohantavirus,Hantaviridae,ssRNA(-),3635,RefSeq,complete,,,1,Greece:Ano-Poroia,Greece,,Apodemus flavicollis,,,SAMEA3283064,"Dobrava virus complete M segment gene for glycoprotein precursor (G1-G2), strain DOBV/Ano-Poroia/Afl9/1999)"
NC_005235.1,Dobrava-Belgrade orthohantavirus,,"Nemirov,K., Vapalahti,O., Papa,A., Plyusnina,A., Lundkvist,A., Antoniadis,A., Vaheri,A., Plyusnin,A., Henttonen,H.","National Center for Biotechnology Information, NIH",USA,2003-11-25T00:00:00Z,,Dobrava-Belgrade orthohantavirus,Orthohantavirus,Hantaviridae,ssRNA(-),6532,RefSeq,complete,,,2,Greece:Ano-Poroia,Greece,,Apodemus flavicollis,,,SAMEA3283064,"Dobrava virus complete L segment gene for polymerase protein, strain DOBV/Ano-Poroia/Afl9/1999)"
NC_005236.1,Seoul orthohantavirus,,"Song,J.-W., Moon,J.Y., Baek,L.J., Song,K.-J.","National Center for Biotechnology Information, NIH",USA,2003-11-25T00:00:00Z,,Seoul orthohantavirus,Orthohantavirus,Hantaviridae,ssRNA(-),1769,RefSeq,complete,,S,,South Korea,South Korea,,Rattus norvegicus,,,,"Seoul virus strain 80-39 segment S, complete sequence"
NC_005237.1,Seoul orthohantavirus,,"Antic,D., Lim,B.U., Kang,C.Y.","National Center for Biotechnology Information, NIH",USA,2003-11-25T00:00:00Z,,Seoul orthohantavirus,Orthohantavirus,Hantaviridae,ssRNA(-),3651,RefSeq,complete,,M,1,,,,,,,,"Seoul virus segment M, complete sequence"
NC_005238.1,Seoul orthohantavirus,,"Antic,D., Lim,B.U., Kang,C.Y., Yong Kang,C.","National Center for Biotechnology Information, NIH",USA,2003-11-25T00:00:00Z,,Seoul orthohantavirus,Orthohantavirus,Hantaviridae,ssRNA(-),6530,RefSeq,complete,,L,1,,,,,,,,Seoul virus strain Seoul 80-39 clone 1
NC_005226.1,Tula orthohantavirus,,"Kukkonen,S.K.J., Vaheri,A., Plyusnin,A.","National Center for Biotechnology Information, NIH",USA,2003-11-21T00:00:00Z,,Tula orthohantavirus,Orthohantavirus,Hantaviridae,ssRNA(-),6541,RefSeq,complete,,L,,,,,,,,,"Tula virus segment L, complete sequence"
NC_005227.2,Tula orthohantavirus,,"Plyusnin,A., Cheng,Y., Vapalahti,O., Pejcoch,M., Unar,J., Jelinkova,Z., Lehvaslaiho,H., Lundkvist,A., Vaheri,A.","National Center for Biotechnology Information, NIH",USA,2003-11-21T00:00:00Z,,Tula orthohantavirus,Orthohantavirus,Hantaviridae,ssRNA(-),1831,RefSeq,complete,,S,1,,,,,,,,"Tula virus segment S, complete genome"
NC_005228.1,Tula orthohantavirus,,"Vapalahti,O., Lundkvist,A., Kukkonen,S.K., Cheng,Y., Gilljam,M., Kanerva,M., Manni,T., Pejcoch,M., Niemimaa,J., Kaikusalo,A., Henttonen,H., Vaheri,A., Plyusnin,A.","National Center for Biotechnology Information, NIH",USA,2003-11-21T00:00:00Z,,Tula orthohantavirus,Orthohantavirus,Hantaviridae,ssRNA(-),3694,RefSeq,complete,,M,1,,,,,,,,"Tula virus segment M, complete sequence"
NC_005215.1,Sin Nombre orthohantavirus,,"Spiropoulou,C.F., Morzunov,S., Feldmann,H., Sanchez,A., Peters,C.J., Nichol,S.T.","National Center for Biotechnology Information, NIH",USA,2003-11-18T00:00:00Z,NM H10,Sin Nombre orthohantavirus,Orthohantavirus,Hantaviridae,ssRNA(-),3696,RefSeq,complete,,M,1,,,,Homo sapiens,,,,"Sin Nombre virus segment M, complete genome"
NC_005216.1,Sin Nombre orthohantavirus,,"Spiropoulou,C.F., Morzunov,S., Feldmann,H., Sanchez,A., Peters,C.J., Nichol,S.T.","National Center for Biotechnology Information, NIH",USA,2003-11-18T00:00:00Z,case H10,Sin Nombre orthohantavirus,Orthohantavirus,Hantaviridae,ssRNA(-),2059,RefSeq,complete,,S,1,,,,,,,,"Sin Nombre virus segment S, complete sequence"
NC_005217.1,Sin Nombre orthohantavirus,,"Chizhikov,V.E., Spiropoulou,C.F., Morzunov,S.P., Monroe,M.C., Peters,C.J., Nichol,S.T.","National Center for Biotechnology Information, NIH",USA,2003-11-18T00:00:00Z,NM H10,Sin Nombre orthohantavirus,Orthohantavirus,Hantaviridae,ssRNA(-),6562,RefSeq,complete,,L,1,,,,Homo sapiens,,,,Sin Nombre virus map viral genome L segment
NC_005218.1,Hantaan orthohantavirus,,"Schmaljohn,C.S., Jennings,G.B., Hay,J., Dalrymple,J.M.","National Center for Biotechnology Information, NIH",USA,2003-11-18T00:00:00Z,,Hantaan orthohantavirus,Orthohantavirus,Hantaviridae,ssRNA(-),1696,RefSeq,complete,,,1,,,,,,,,"Hantaan virus, complete genome"
NC_005219.1,Hantaan orthohantavirus,,"Schmaljohn,C.S., Schmaljohn,A.L., Dalrymple,J.M.","National Center for Biotechnology Information, NIH",USA,2003-11-18T00:00:00Z,,Hantaan orthohantavirus,Orthohantavirus,Hantaviridae,ssRNA(-),3616,RefSeq,complete,,,1,,,,,,,,"Hantaan virus, complete genome"
NC_005222.1,Hantaan orthohantavirus,,"Schmaljohn,C.S.","National Center for Biotechnology Information, NIH",USA,2003-11-18T00:00:00Z,,Hantaan orthohantavirus,Orthohantavirus,Hantaviridae,ssRNA(-),6533,RefSeq,complete,,L,1,,,,,,,,"Hantaan virus segment L, complete genome"
NC_005223.1,Puumala orthohantavirus,,"Vapalahti,O., Kallio-Kokko,H., Salonen,E.M., Brummer-Korvenkontio,M., Vaheri,A., Vapalahti,O.P.","National Center for Biotechnology Information, NIH",USA,2003-11-18T00:00:00Z,,Puumala orthohantavirus,Orthohantavirus,Hantaviridae,ssRNA(-),3682,RefSeq,complete,,M,1,,,,,,,,"Puumala virus segment M, complete sequence"
NC_005224.1,Puumala orthohantavirus,,"Vapalahti,O., Kallio-Kokko,H., Salonen,E.M., Brummer-Korvenkontio,M., Vaheri,A., Vapalahti,O.P.","National Center for Biotechnology Information, NIH",USA,2003-11-18T00:00:00Z,,Puumala orthohantavirus,Orthohantavirus,Hantaviridae,ssRNA(-),1830,RefSeq,complete,,S,1,,,,,,,,"Puumala virus segment S, complete sequence"
NC_005225.1,Puumala orthohantavirus,,"Piiparinen,H., Vapalahti,O., Plyusnin,A., Vaheri,A., Lankinen,H.","National Center for Biotechnology Information, NIH",USA,2003-11-18T00:00:00Z,,Puumala orthohantavirus,Orthohantavirus,Hantaviridae,ssRNA(-),6550,RefSeq,complete,,L,,,,,,,,,"Puumala virus segment L, complete genome"
NC_003466.1,Andes orthohantavirus,,"Meissner,J., Rowe,J., Borucki,M., St  Jeor,S., Bohlman,M.C., Morzunov,S.P., Taylor,M.B., Ishibashi,K., Levis,S., Enria,D., St  Jeor,S.C., Meissner,J.D., St. Jeor,S.C.","National Center for Biotechnology Information, NIH",USA,2000-10-10T00:00:00Z,,Andes orthohantavirus,Orthohantavirus,Hantaviridae,ssRNA(-),1871,RefSeq,complete,,S,2,,,,,,,,"Andes virus segment S, complete sequence"
NC_003467.2,Andes orthohantavirus,,"Meissner,J.D., Rowe,J.E., Borucki,M.K., St  Jeor,S.C., St. Jeor,S.C.","National Center for Biotechnology Information, NIH",USA,2000-10-10T00:00:00Z,,Andes orthohantavirus,Orthohantavirus,Hantaviridae,ssRNA(-),3671,RefSeq,complete,,M,1,,,,,,,,"Andes virus segment M, complete genome"
NC_003468.2,Andes orthohantavirus,,"Meissner,J.D., Rowe,J.E., Borucki,M.K., St  Jeor,S.C., St. Jeor,S.C.","National Center for Biotechnology Information, NIH",USA,2000-10-10T00:00:00Z,,Andes orthohantavirus,Orthohantavirus,Hantaviridae,ssRNA(-),6562,RefSeq,complete,,L,1,,,,,,,,"Andes virus segment L, complete genome"